ticket_id,opened_utc,closed_utc,requester_staff_id,category,summary,resolution,agent
4463,2026-09-11T08:22:00Z,2026-09-11T08:41:00Z,NXB-1559,Access,Shared mailbox permissions for Customer Ops queue,Permissions granted per line manager approval,svcdesk-02
4464,2026-09-11T10:05:00Z,2026-09-11T10:19:00Z,NXB-2045,Hardware,Docking station not detecting external monitor,Replacement dock issued,svcdesk-01
4465,2026-09-12T09:47:00Z,2026-09-12T11:30:00Z,NXB-3310,Credentials,Password reset requested - routine 90-day expiry,Reset issued and acknowledged by requester in person,svcdesk-02
4466,2026-09-12T14:12:00Z,2026-09-12T14:33:00Z,NXB-1876,Software,Compliance reporting add-in failing to load,Add-in reinstalled,svcdesk-03
4467,2026-09-13T07:58:00Z,2026-09-13T08:15:00Z,NXB-2708,Access,VPN profile missing after laptop rebuild,Profile reissued,svcdesk-01
4468,2026-09-13T13:40:00Z,2026-09-13T16:02:00Z,NXB-2304,Hardware,Headset microphone not working on calls,Replacement headset issued,svcdesk-02
4469,2026-09-14T02:11:00Z,2026-09-14T02:58:00Z,NXB-2291,Credentials,"Account lockout - 14 consecutive failed logins from unrecognised client. Requester contacted service desk by phone, could not attend in person due to hour.",Password reset issued over the phone after verbal identity check. Requester did not raise a follow-up.,svcdesk-04
4470,2026-09-14T09:26:00Z,2026-09-14T09:44:00Z,NXB-1104,Software,Statement export tool timing out on large date ranges,Known issue - workaround provided,svcdesk-03
4471,2026-09-15T11:03:00Z,2026-09-15T11:20:00Z,NXB-2045,Access,Request for additional shared drive access,Approved and granted,svcdesk-01
4472,2026-09-16T08:37:00Z,2026-09-16T09:05:00Z,NXB-1876,Hardware,Laptop battery not charging,Replacement unit issued,svcdesk-02
4473,2026-09-17T15:22:00Z,2026-09-17T15:48:00Z,NXB-3310,Access,Elevated access for scheduled maintenance window,Temporary elevation granted and revoked same day,svcdesk-04
4474,2026-09-18T10:14:00Z,2026-09-18T10:29:00Z,NXB-1559,Software,Email signature template not applying,Template reapplied,svcdesk-03
